id,name,model_id:id,group_id,perm_read,perm_write,perm_create,perm_unlink
access_shop_product,access.shop.product,model_shop_product,,1,1,1,1
access_shop_customer,access.shop.customer,model_shop_customer,,1,1,1,1
access_shop_sale_order,access.shop.sale.order,model_shop_sale_order,,1,1,1,1
access_shop_sale_order_line,access.shop.sale.order.line,model_shop_sale_order_line,,1,1,1,1
access_shop_payment,access.shop.payment,model_shop_payment,,1,1,1,1
access_shop_dashboard,access.shop.dashboard,model_shop_dashboard,,1,1,1,1
access_shop_stock_movement,access.shop.stock.movement,model_shop_stock_movement,,1,1,1,1
access_shop_stock_adjustment,access.shop.stock.adjustment,model_shop_stock_adjustment,,1,1,1,1
access_shop_supplier,access.shop.supplier,model_shop_supplier,,1,1,1,1
access_shop_purchase_order,access.shop.purchase.order,model_shop_purchase_order,,1,1,1,1
access_shop_purchase_order_line,access.shop.purchase.order.line,model_shop_purchase_order_line,,1,1,1,1
access_shop_report_payment_method,access.shop.report.payment.method,model_shop_report_payment_method,,1,1,1,1
access_shop_report_payment_method_line,access.shop.report.payment.method.line,model_shop_report_payment_method_line,,1,1,1,1
access_shop_report_purchase,access.shop.report.purchase,model_shop_report_purchase,,1,1,1,1
access_shop_report_purchase_line,access.shop.report.purchase.line,model_shop_report_purchase_line,,1,1,1,1
access_shop_report_purchase_product,access.shop.report.purchase.product,model_shop_report_purchase_product,,1,1,1,1
access_shop_report_profit,access.shop.report.profit,model_shop_report_profit,,1,1,1,1
access_shop_report_profit_line,access.shop.report.profit.line,model_shop_report_profit_line,,1,1,1,1
access_shop_report_stock,access.shop.report.stock,model_shop_report_stock,,1,1,1,1
access_shop_report_stock_line,access.shop.report.stock.line,model_shop_report_stock_line,,1,1,1,1
